title,description
Task 01,Rever o planejamento do projeto e fazer ajustes necessários.
Task 02,Realizar pesquisa de mercado para identificar novas oportunidades.
Task 03,Agendar uma reunião com a equipe para discutir os próximos passos.
Task 04,Analisar os resultados da última campanha de marketing.
Task 05,Atualizar o perfil da empresa nas redes sociais.
Task 06,Enviar relatório de desempenho para o departamento financeiro.
Task 07,Revisar e aprovar o conteúdo do novo site.
Task 08,Entrar em contato com fornecedores para negociar preços.
Task 09,Participar de um webinar sobre inovação no mercado.
Task 10,Agendar uma visita aos clientes para coletar feedback.
Task 11,Atualizar a base de dados dos clientes com informações recentes.
Task 12,Preparar uma apresentação para a reunião com investidores.
Task 13,Analisar os dados de vendas do último trimestre.
Task 14,Enviar convites para o evento de lançamento do produto.
Task 15,Participar de um workshop de desenvolvimento pessoal.
Task 16,Conduzir uma pesquisa de satisfação com os clientes.
Task 17,Revisar os contratos com os parceiros comerciais.
Task 18,Organizar um treinamento para a equipe de vendas.
Task 19,Elaborar um plano de contingência para possíveis crises.
Task 20,Realizar um brainstorming para gerar novas ideias.
Task 21,Atualizar o manual de procedimentos da empresa.
Task 22,Analisar a concorrência e identificar pontos fortes e fracos.
Task 23,Implementar um sistema de gestão de projetos.
Task 24,Participar de uma feira do setor para networking.
Task 25,Avaliar o desempenho dos funcionários e fornecer feedback.
Task 26,Rever e otimizar os processos internos da empresa.
Task 27,Desenvolver um plano de marketing para o próximo trimestre.
Task 28,Realizar uma análise SWOT da empresa.
Task 29,Iniciar um programa de capacitação para os colaboradores.
Task 30,Atualizar as políticas de segurança da informação.
Task 31,Conduzir uma pesquisa de clima organizacional.
Task 32,Desenvolver um plano de ação para melhorar a eficiência operacional.
Task 33,Participar de um curso online sobre liderança.
Task 34,Realizar um teste A/B para otimizar as campanhas de marketing.
Task 35,Elaborar um plano de comunicação interna.
Task 36,Analisar as métricas de engajamento nas redes sociais.
Task 37,Promover uma sessão de brainstorming para resolver um problema específico.
Task 38,Revisar e atualizar o plano de negócios da empresa.
Task 39,Implantar um sistema de gestão de qualidade.
Task 40,Auditar os processos financeiros da empresa.
Task 41,Organizar um evento de integração para os novos colaboradores.
Task 42,Desenvolver um programa de incentivo para a equipe de vendas.
Task 43,Avaliar a viabilidade de expandir para novos mercados.
Task 44,Realizar um curso de capacitação em habilidades de comunicação.
Task 45,Conduzir uma análise de risco para identificar possíveis ameaças.
Task 46,Implementar um sistema de feedback 360º.
Task 47,Participar de uma conferência do setor para atualização profissional.
Task 48,Desenvolver um plano de ação para melhorar a retenção de clientes.
Task 49,Avaliar a necessidade de atualização da infraestrutura tecnológica.
Task 50,Criar um programa de mentoria para o desenvolvimento dos colaboradores.